﻿State,State CD,District,Rep,Party,Vote,2020 Vote,FIPS Code,code
AZ,04,AZ-04,Greg Stanton,D,1,30.6,04,0404
AZ,08,AZ-08,Debbie Lesko,R,0,41.4,04,0408
CO,05,CO-05,Doug Lamborn,R,0,41.8,08,0805
FL,08,FL-08,Bill Posey,R,0,40.6,12,1208
GA,10,GA-10,Jody Hice,R,0,39.2,13,1310
ID,02,ID-02,Michael Simpson,R,0,36.6,16,1602
IN,04,IN-04,James Baird,R,1,34,18,1804
MN,03,MN-03,Dean Phillips,D,1,58.7,27,2703
MO,03,MO-03,Blaine Luetkemeyer,R,0,31.3,29,2903
NC,02,NC-02,Deborah Ross,R,0,64.3,37,3702
NH,02,NH-02,Ann Kuster,D,1,53.5,33,3302
NM,01,NM-01,Melanie Stansbury,D,1,60.2,35,3501
NY,20,NY-20,Paul Tonko,D,1,59.3,36,3620
NY,22,NY-22,Claudia Tenney,R,0,43.2,36,3622
NY,26,NY-26,Brian Higgins,D,1,62.6,36,3626
OH,12,OH-12,Troy Balderson,R,1,46.3,39,3912
OR,01,OR-01,Suzanne Bonamici,D,1,63.3,41,4101
OR,03,OR-03,Earl Blumenauer,D,1,74.3,41,4103
OR,04,OR-04,Peter DeFazio,D,1,50.7,41,4104
TX,04,TX-04,Pat Fallon,R,0,24.4,48,4804
TX,31,TX-31,John Carter,R,0,47.6,48,4831
UT,03,UT-03,John Curtis,R,0,35.2,49,4903
VT,00,VT-AL,Peter Welch,D,1,66.4,50,5000
