﻿congressional district,representative ,party ,vote on CHIPS,Democratic vote 2020,Company,Location,Grant,Project Size,Category,Project Type,Technology Type,Date Announced,Source,congressional district,representative ,party ,vote on CHIPS,Democratic vote 2020
NH-02,Ann Kuster,D,,,BAE Systems,"Nashua, NH",$35 million,  Not Available  , Semiconductors , Modernization ,Mature-node, Dec. 11 , [Source](https://www.commerce.gov/news/press-releases/2023/12/biden-harris-administration-and-bae-systems-inc-announce-chips),,,,,
OR-03,Earl Blumenauer,D,,,Microchip Technology,"Gresham, OR",$72 million,  Not Available  , Semiconductors , Modernization ,Mature-node, Jan. 4 , [Source](https://www.nist.gov/news-events/news/2024/01/biden-harris-administration-announces-chips-preliminary-terms-microchip) ,,,,,
CO-05,Doug Lamborn,R,,,Microchip Technology,Colorado Springs,$90 million,  Not Available  , Semiconductors ," Modernization, Expansion ",Mature-node, Jan. 4 , [Source](https://www.nist.gov/news-events/news/2024/01/biden-harris-administration-announces-chips-preliminary-terms-microchip) ,,,,,
NY-20,Paul Tonko,D,,,GlobalFoundries,"Malta, NY",$1.375 billion in grants and $1.6 billion in loans,$11.6 billion, Semiconductors ," New fab,  Expansion ","Current-generation, Mature-node", Feb. 19 , [Source](https://www.nist.gov/news-events/news/2024/02/biden-harris-administration-announces-preliminary-terms-globalfoundries) ,,,,,
VT-AL,Becca Balint,D,,,GlobalFoundries,"Essex Junction, VT",$125 million,$900 million, Semiconductors , Revitalization ,Mature-node, Feb. 19 , [Source](https://www.nist.gov/news-events/news/2024/02/biden-harris-administration-announces-preliminary-terms-globalfoundries) ,,,,,
OR-01,Suzanne Bonamici,D,,,Intel,"Hillsboro, OR",$8.5 billion grants & $11 billion loans across all projects,$36 billion, Semiconductors ,"Modernization, Expansion",Leading-edge,Mar. 20, [Source](https://download.intel.com/newsroom/2024/corporate/Intel-Oregon-The-Silicon-Forest.pdf),,,,,
AZ-04,Greg Stanton,D,,,Intel,"Chandler, AZ",$8.5 billion grants & $11 billion loans across all projects,$32 billion, Semiconductors ,"2 New fabs, Expansion",Leading-edge,Mar. 20, [Source](https://download.intel.com/newsroom/2024/corporate/Intel-Arizona-The-Silicon-desert.pdf),,,,,
NM-01,Melanie Stansbury,D,,,Intel,"Rio Rancho, NM",$8.5 billion grants & $11 billion loans across all projects,$4 billion, Packaging ,2 Modernizations,Advanced Packaging,Mar. 20,[Source](https://download.intel.com/newsroom/2024/corporate/Intel-New-Mexico-The-Silicon-Mesa.pdf),,,,,
OH-12,Troy Balderson,R,,,Intel,"New Albany, OH",$8.5 billion grants & $11 billion loans across all projects,$28 billion, Semiconductors ,2 New fabs,Leading-edge,Mar. 20,[Source](https://download.intel.com/newsroom/2024/corporate/Intel-Ohio-The-Silicon-Heartland.pdf),,,,,
AZ-08,Debbie Lesko,R,,,TSMC,"Phoenix, AZ",$6.6 billion in grants & $5 billion in loans,$65 billion, Semiconductors ,3 New fabs,Leading-edge,Apr. 8,[Source](https://pr.tsmc.com/english/news/3122),,,,,
TX-31,John Carter,R,,,Samsung,"Taylor, TX",$6.4 billion in grants across all projects,$45 billion across all projects,Semiconductors,2 New fabs,Leading-edge,Apr. 15,[Source](https://www.commerce.gov/news/press-releases/2024/04/biden-harris-administration-announces-preliminary-terms-samsung),,,,,
TX-31,John Carter,R,,,Samsung,"Taylor, TX",$6.4 billion in grants across all projects,$45 billion across all projects,R&D,New fab,Leading-edge,Apr. 15,[Source](https://www.commerce.gov/news/press-releases/2024/04/biden-harris-administration-announces-preliminary-terms-samsung),,,,,
TX-31,John Carter,R,,,Samsung,"Taylor, TX",$6.4 billion in grants across all projects,$45 billion across all projects,Packaging,New facility,Advanced Packaging,Apr. 15,[Source](https://www.commerce.gov/news/press-releases/2024/04/biden-harris-administration-announces-preliminary-terms-samsung),,,,,
TX-31,John Carter,R,,,Samsung,"Austin, TX",$6.4 billion in grants across all projects,$45 billion across all projects,Semiconductors,Expansion,Mature-node,Apr. 15,[Source](https://www.commerce.gov/news/press-releases/2024/04/biden-harris-administration-announces-preliminary-terms-samsung),,,,,
NY-22,Brandon Williams,R,,,Micron,"Clay, NY",$6.14 billion in grants & $ 7.5 billion in loans across all projects,$100 billion,Semiconductors,4 New fabs,Leading-edge,Apr. 25,[Source](https://www.nist.gov/news-events/news/2024/04/biden-harris-administration-announces-preliminary-terms-micron-onshore),,,,,
ID-02,Michael Simpson,R,,,Micron,"Boise, ID",$6.14 billion in grants & $ 7.5 billion in loans across all projects,$25 billion,Semiconductors,New fab,Leading-edge,Apr. 25,[Source](https://www.nist.gov/news-events/news/2024/04/biden-harris-administration-announces-preliminary-terms-micron-onshore),,,,,
MN-03,Dean Phillips,D,,,Polar,"Bloomington, MN",$120 million,$525 million,Semiconductors,"Modernization, Expansion",Mature-node,May. 13,[Source](https://www.nist.gov/news-events/news/2024/05/biden-harris-administration-announces-preliminary-terms-polar-semiconductor),,,,,
GA-10,Mike Collins,R,,,Absolics,"Covington, GA",$75 million,$600 million,Materials,New Facility,Materials for Advanced Packaging,May. 23,[Source](https://www.nist.gov/news-events/news/2024/05/biden-harris-administration-announces-preliminary-terms-absolics-support),,,,,
NM-01,Melanie Stansbury,D,,,SolAero (Rocket Lab),"Albuquerque, NM",$23.9 million,Not Available,Semiconductors,"Modernization, Expansion",Mature-node,11-Jun,[Source](https://www.nist.gov/news-events/news/2024/06/biden-harris-administration-announces-preliminary-terms-rocket-lab-expand),,,,,
CO-05,Doug Lamborn,R,,,Entegris,"Colorado Springs, CO",$75 million,$600 million,Equipment and Materials,New Facility,Equipment and Materials,26-Jun,[Source](https://www.nist.gov/news-events/news/2024/06/biden-harris-administration-announces-preliminary-terms-entegris-onshore),,,,,
FL-08,Bill Posey,R,,,Rogue Valley Microdevices,"Palm Bay, FL",$6.7 million,$25 million,Semiconductors,New fab,Mature-node,1-Jul,[Source](https://www.nist.gov/news-events/news/2024/07/us-department-commerce-announces-preliminary-terms-rogue-valley),,,,,
TX-04,Pat Fallon,R,,,Global Wafers,"Sherman, TX",$400 million in grants across all projects,$4 billion across all projects,Semiconductors,"New Facility, Expansion",Wafers,17-Jul,[Source](https://www.nist.gov/news-events/news/2024/07/biden-harris-administration-announces-preliminary-terms-globalwafers),,,,,
MO-03,Blaine Luetkemeyer,R,,,Global Wafers,"St. Peters, MO",$400 million in grants across all projects,$4 billion across all projects,Semiconductors,New Facility,Wafers,17-Jul,[Source](https://www.nist.gov/news-events/news/2024/07/biden-harris-administration-announces-preliminary-terms-globalwafers),,,,,
AZ-08,Debbie Lesko,R,,,Amkor,"Peoria, AZ",$400 million in grants and $200 million in loans,$2 billion,Packaging,New Facility,Advanced Packaging and Test,24-Jul,[Source](https://www.nist.gov/news-events/news/2024/07/biden-harris-administration-announces-preliminary-terms-amkor-technology),,,,,
,,,,,SK hynix,"West Lafayette, IN",$450 million in grants and $500 million in loans,$3.87 billion,Packaging,New Facility,Advanced Packaging and R&D,Aug. 6,[Source](https://www.nist.gov/news-events/news/2024/08/us-department-commerce-announces-preliminary-terms-sk-hynix-advance-us-ai-0),,,,,
,,,,,Texas Instruments,"Sherman, TX",$1.6 billion in grants and $3 billion in loans across all projects,$18 billion across all projects,Semiconductors,2 new fabs,Current generation and mature-node,Aug. 16,[Source](https://www.nist.gov/news-events/news/2024/08/biden-harris-administration-announces-preliminary-terms-texas-instruments),,,,,
,,,,,Texas Instruments,"Lehi, UT",$1.6 billion in grants and $3 billion in loans across all projects,$18 billion across all projects,Semiconductors,New fab,Current generation and mature-node,Aug. 16,[Source](https://www.nist.gov/news-events/news/2024/08/biden-harris-administration-announces-preliminary-terms-texas-instruments),,,,,
,,,,,HP,"Corvallis, OR",$50 million,Not Available,Semiconductors,"Expansion, Modernizations",Mature-node,Aug. 27,[Source](https://www.nist.gov/news-events/news/2024/08/biden-harris-administration-announces-preliminary-terms-hp-support),,,,,
,,,,,Edwards Vacuum,"Basom, NY",$18 million,$319 million,Equipment,New Facility,Dry vacuum pumps,Oct. 10,[Source](https://www.nist.gov/news-events/news/2024/10/biden-harris-administration-announces-preliminary-terms-edwards-vacuum),,,,,
,,,,,Wolfspeed,"Siler City, NC",$750 million across all projects,$6 billion across all projects,Semiconductors,New fab,Silicon Carbide,15-Oct,[Source](https://www.nist.gov/news-events/news/2024/10/biden-harris-administration-announces-preliminary-terms-wolfspeed-solidify),,,,,
,,,,,Wolfspeed,"Marcy, NY",$750 million across all projects,$6 billion across all projects,Semiconductors,Fab expansion,Silicon Carbide,15-Oct,[Source](https://www.nist.gov/news-events/news/2024/10/biden-harris-administration-announces-preliminary-terms-wolfspeed-solidify),,,,,
,,,,,,,,,,,,,,,,,,
,,,,,,,,,,,,,,,,,,
,,,,,,,,,,,,,,,,,,